{
  "uid" : "b1a8273437954620fa374b796ffaacdd",
  "name" : "behaviors",
  "children" : [ {
    "name" : "test_case[item0]",
    "uid" : "cf8ccdc63224de3b",
    "parentUid" : "b1a8273437954620fa374b796ffaacdd",
    "status" : "broken",
    "time" : {
      "start" : 1653029313976,
      "stop" : 1653029315175,
      "duration" : 1199
    },
    "flaky" : false,
    "newFailed" : false,
    "parameters" : [ "{'case_url': 'https://uc.chinaz.com/api/open/checklogin?p=pc&f=tools', 'case_method': 'GET', 'case_title': 'test01', 'case_description': 'test01', 'case_data': '', 'case_expect': '未登录', 'case_headers': ''}" ]
  } ]
}