{
  "uid" : "4b4757e66a1912dae1a509f688f20b0f",
  "name" : "categories",
  "children" : [ {
    "name" : "Test defects",
    "children" : [ {
      "name" : "AttributeError: 'NoneType' object has no attribute 'text'",
      "children" : [ {
        "name" : "test_case[item0]",
        "uid" : "cf8ccdc63224de3b",
        "parentUid" : "75faf91e540a74d349bf51d4565a1ced",
        "status" : "broken",
        "time" : {
          "start" : 1653029313976,
          "stop" : 1653029315175,
          "duration" : 1199
        },
        "flaky" : false,
        "newFailed" : false,
        "parameters" : [ "{'case_url': 'https://uc.chinaz.com/api/open/checklogin?p=pc&f=tools', 'case_method': 'GET', 'case_title': 'test01', 'case_description': 'test01', 'case_data': '', 'case_expect': '未登录', 'case_headers': ''}" ]
      } ],
      "uid" : "75faf91e540a74d349bf51d4565a1ced"
    } ],
    "uid" : "bdbf199525818fae7a8651db9eafe741"
  } ]
}