{
  "uid" : "83edc06c07f9ae9e47eb6dd1b683e4e2",
  "name" : "packages",
  "children" : [ {
    "name" : "scripts.test_case",
    "children" : [ {
      "name" : "test_case[item0]",
      "uid" : "cf8ccdc63224de3b",
      "parentUid" : "d9450da9c5c1c515881f67c88d7d5055",
      "status" : "broken",
      "time" : {
        "start" : 1653029313976,
        "stop" : 1653029315175,
        "duration" : 1199
      },
      "flaky" : false,
      "newFailed" : false,
      "parameters" : [ "{'case_url': 'https://uc.chinaz.com/api/open/checklogin?p=pc&f=tools', 'case_method': 'GET', 'case_title': 'test01', 'case_description': 'test01', 'case_data': '', 'case_expect': '未登录', 'case_headers': ''}" ]
    } ],
    "uid" : "scripts.test_case"
  } ]
}