{
  "uid" : "98d3104e051c652961429bf95fa0b5d6",
  "name" : "suites",
  "children" : [ {
    "name" : "scripts",
    "children" : [ {
      "name" : "test_case",
      "children" : [ {
        "name" : "TestCase",
        "children" : [ {
          "name" : "test_case[item0]",
          "uid" : "cf8ccdc63224de3b",
          "parentUid" : "fa6de9dd5acc829bad7ddacb08fb50db",
          "status" : "broken",
          "time" : {
            "start" : 1653029313976,
            "stop" : 1653029315175,
            "duration" : 1199
          },
          "flaky" : false,
          "newFailed" : false,
          "parameters" : [ "{'case_url': 'https://uc.chinaz.com/api/open/checklogin?p=pc&f=tools', 'case_method': 'GET', 'case_title': 'test01', 'case_description': 'test01', 'case_data': '', 'case_expect': '未登录', 'case_headers': ''}" ]
        } ],
        "uid" : "fa6de9dd5acc829bad7ddacb08fb50db"
      } ],
      "uid" : "3475ebf69c31a33d03bad8f83ac096b8"
    } ],
    "uid" : "af586ea5ffb1b57fad0f98a55a6d147c"
  } ]
}