{
  "uid" : "ab17fc5a4eb3bca4b216b548c7f9fcbc",
  "name" : "timeline",
  "children" : [ {
    "name" : "Guibin-PC",
    "children" : [ {
      "name" : "4616-MainThread",
      "children" : [ {
        "name" : "test",
        "uid" : "754612741efb54fa",
        "parentUid" : "8c9177f4af83ff649c53b658cf5548e1",
        "status" : "passed",
        "time" : {
          "start" : 1653013687808,
          "stop" : 1653013688583,
          "duration" : 775
        },
        "flaky" : false,
        "newFailed" : false,
        "parameters" : [ "{'case_url': 'https://srv.jk.cn/', 'case_method': 'GET', 'case_title': 'test', 'case_description': 'test', 'case_data': '', 'case_expect': 'Welcome to tengine!', 'case_headers': ''}" ]
      } ],
      "uid" : "8c9177f4af83ff649c53b658cf5548e1"
    }, {
      "name" : "4268-MainThread",
      "children" : [ {
        "name" : "test_case[item0]",
        "uid" : "cf8ccdc63224de3b",
        "parentUid" : "9343e4f2642bf1f78f34c45ed5285140",
        "status" : "broken",
        "time" : {
          "start" : 1653029313976,
          "stop" : 1653029315175,
          "duration" : 1199
        },
        "flaky" : false,
        "newFailed" : false,
        "parameters" : [ "{'case_url': 'https://uc.chinaz.com/api/open/checklogin?p=pc&f=tools', 'case_method': 'GET', 'case_title': 'test01', 'case_description': 'test01', 'case_data': '', 'case_expect': '未登录', 'case_headers': ''}" ]
      } ],
      "uid" : "9343e4f2642bf1f78f34c45ed5285140"
    }, {
      "name" : "11184-MainThread",
      "children" : [ {
        "name" : "test",
        "uid" : "540e125608daa30c",
        "parentUid" : "84f868f5d11699ac2ba2c6ee7f95f91e",
        "status" : "passed",
        "time" : {
          "start" : 1653013513274,
          "stop" : 1653013514258,
          "duration" : 984
        },
        "flaky" : false,
        "newFailed" : false,
        "parameters" : [ "{'case_url': 'https://srv.jk.cn/', 'case_method': 'GET', 'case_title': 'test', 'case_description': 'test', 'case_data': '', 'case_expect': 'Welcome to tengine!', 'case_headers': ''}" ]
      } ],
      "uid" : "84f868f5d11699ac2ba2c6ee7f95f91e"
    }, {
      "name" : "9196-MainThread",
      "children" : [ {
        "name" : "test",
        "uid" : "8e90fbd90e4fc26c",
        "parentUid" : "185e77bf3827be92b9be665e24084db5",
        "status" : "passed",
        "time" : {
          "start" : 1653014344003,
          "stop" : 1653014344689,
          "duration" : 686
        },
        "flaky" : false,
        "newFailed" : false,
        "parameters" : [ "{'case_url': 'https://srv.jk.cn/', 'case_method': 'GET', 'case_title': 'test', 'case_description': 'test', 'case_data': '', 'case_expect': 'Welcome to tengine!', 'case_headers': ''}" ]
      } ],
      "uid" : "185e77bf3827be92b9be665e24084db5"
    } ],
    "uid" : "f0e6e6a98a0fdc958adb9cfd229833a1"
  } ]
}