{
  "597b88e1b3d3d5292909b279b1c69024" : {
    "statistic" : {
      "failed" : 0,
      "broken" : 1,
      "skipped" : 0,
      "passed" : 0,
      "unknown" : 0,
      "total" : 1
    },
    "items" : [ {
      "uid" : "cf8ccdc63224de3b",
      "status" : "broken",
      "statusDetails" : "AttributeError: 'NoneType' object has no attribute 'text'",
      "time" : {
        "start" : 1653029313976,
        "stop" : 1653029315175,
        "duration" : 1199
      }
    } ]
  }
}